--
-- PostgreSQL database dump
--

-- Dumped from database version 17.0
-- Dumped by pg_dump version 17.0

SET statement_timeout = 0;
SET lock_timeout = 0;
SET idle_in_transaction_session_timeout = 0;
SET transaction_timeout = 0;
SET client_encoding = 'UTF8';
SET standard_conforming_strings = on;
SELECT pg_catalog.set_config('search_path', '', false);
SET check_function_bodies = false;
SET xmloption = content;
SET client_min_messages = warning;
SET row_security = off;

--
-- Name: add_responsible_if_manager(); Type: FUNCTION; Schema: public; Owner: postgres
--

CREATE FUNCTION public.add_responsible_if_manager() RETURNS trigger
    LANGUAGE plpgsql
    AS $$
    begin
        if new.position_id = 2 then
            insert into responsible
                (
                responsible_id,
                 surname,
                 name,
                 father_name,
                 email,
                 phone
                )
            values (
                    new.worker_id,
                    new.last_name,
                    new.first_name,
                    new.father_name,
                    new.email,
                    new.phone
                   );
        end if;
        return new;
    end;
    $$;


ALTER FUNCTION public.add_responsible_if_manager() OWNER TO postgres;

--
-- Name: add_task_list(); Type: FUNCTION; Schema: public; Owner: postgres
--

CREATE FUNCTION public.add_task_list() RETURNS trigger
    LANGUAGE plpgsql
    AS $$
    begin
        insert into task_lists(list_name)
        values (new.name);
        return new;
    end;
    $$;


ALTER FUNCTION public.add_task_list() OWNER TO postgres;

--
-- Name: add_task_list_for_project(); Type: FUNCTION; Schema: public; Owner: postgres
--

CREATE FUNCTION public.add_task_list_for_project() RETURNS trigger
    LANGUAGE plpgsql
    AS $$
DECLARE
    new_list_id INT;
BEGIN
    -- Создаем новую запись в task_lists и получаем её ID
    INSERT INTO task_lists (list_name)
    VALUES (NEW.project_name)
    RETURNING list_id INTO new_list_id;

    -- Присваиваем полученный list_id полю tasks_list_id в таблице projects
    UPDATE projects
    SET tasks_list_id = new_list_id
    WHERE project_id = NEW.project_id;

    RETURN NEW;
END;
$$;


ALTER FUNCTION public.add_task_list_for_project() OWNER TO postgres;

--
-- Name: del_from_task_list(); Type: FUNCTION; Schema: public; Owner: postgres
--

CREATE FUNCTION public.del_from_task_list() RETURNS trigger
    LANGUAGE plpgsql
    AS $$
begin
    if old.tasks_list_id is not null then
        delete from task_lists where list_id = old.tasks_list_id;
    end if;
    return old;
end;
    $$;


ALTER FUNCTION public.del_from_task_list() OWNER TO postgres;

--
-- Name: update_responsible_for_manager(); Type: FUNCTION; Schema: public; Owner: postgres
--

CREATE FUNCTION public.update_responsible_for_manager() RETURNS trigger
    LANGUAGE plpgsql
    AS $$
    begin
        if new.position_id = 2 and old.position_id != 2 then
            insert into responsible
                (
                responsible_id,
                 surname,
                 name,
                 father_name,
                 email,
                 phone
            ) values (
                new.worker_id,
                new.last_name,
                new.first_name,
                new.father_name,
                      new.email,
                      new.phone
                                 );
        end if;

        if old.position_id = 2 and new.position_id != 2 then
            delete from responsible where responsible_id = old.worker_id;
        end if;
        return new;
    end;
    $$;


ALTER FUNCTION public.update_responsible_for_manager() OWNER TO postgres;

SET default_tablespace = '';

SET default_table_access_method = heap;

--
-- Name: auth_group; Type: TABLE; Schema: public; Owner: postgres
--

CREATE TABLE public.auth_group (
    id integer NOT NULL,
    name character varying(150) NOT NULL
);


ALTER TABLE public.auth_group OWNER TO postgres;

--
-- Name: auth_group_id_seq; Type: SEQUENCE; Schema: public; Owner: postgres
--

ALTER TABLE public.auth_group ALTER COLUMN id ADD GENERATED BY DEFAULT AS IDENTITY (
    SEQUENCE NAME public.auth_group_id_seq
    START WITH 1
    INCREMENT BY 1
    NO MINVALUE
    NO MAXVALUE
    CACHE 1
);


--
-- Name: auth_group_permissions; Type: TABLE; Schema: public; Owner: postgres
--

CREATE TABLE public.auth_group_permissions (
    id bigint NOT NULL,
    group_id integer NOT NULL,
    permission_id integer NOT NULL
);


ALTER TABLE public.auth_group_permissions OWNER TO postgres;

--
-- Name: auth_group_permissions_id_seq; Type: SEQUENCE; Schema: public; Owner: postgres
--

ALTER TABLE public.auth_group_permissions ALTER COLUMN id ADD GENERATED BY DEFAULT AS IDENTITY (
    SEQUENCE NAME public.auth_group_permissions_id_seq
    START WITH 1
    INCREMENT BY 1
    NO MINVALUE
    NO MAXVALUE
    CACHE 1
);


--
-- Name: auth_permission; Type: TABLE; Schema: public; Owner: postgres
--

CREATE TABLE public.auth_permission (
    id integer NOT NULL,
    name character varying(255) NOT NULL,
    content_type_id integer NOT NULL,
    codename character varying(100) NOT NULL
);


ALTER TABLE public.auth_permission OWNER TO postgres;

--
-- Name: auth_permission_id_seq; Type: SEQUENCE; Schema: public; Owner: postgres
--

ALTER TABLE public.auth_permission ALTER COLUMN id ADD GENERATED BY DEFAULT AS IDENTITY (
    SEQUENCE NAME public.auth_permission_id_seq
    START WITH 1
    INCREMENT BY 1
    NO MINVALUE
    NO MAXVALUE
    CACHE 1
);


--
-- Name: auth_user; Type: TABLE; Schema: public; Owner: postgres
--

CREATE TABLE public.auth_user (
    id integer NOT NULL,
    password character varying(128) NOT NULL,
    last_login timestamp with time zone,
    is_superuser boolean NOT NULL,
    username character varying(150) NOT NULL,
    first_name character varying(150) NOT NULL,
    last_name character varying(150) NOT NULL,
    email character varying(254) NOT NULL,
    is_staff boolean NOT NULL,
    is_active boolean NOT NULL,
    date_joined timestamp with time zone NOT NULL
);


ALTER TABLE public.auth_user OWNER TO postgres;

--
-- Name: auth_user_groups; Type: TABLE; Schema: public; Owner: postgres
--

CREATE TABLE public.auth_user_groups (
    id bigint NOT NULL,
    user_id integer NOT NULL,
    group_id integer NOT NULL
);


ALTER TABLE public.auth_user_groups OWNER TO postgres;

--
-- Name: auth_user_groups_id_seq; Type: SEQUENCE; Schema: public; Owner: postgres
--

ALTER TABLE public.auth_user_groups ALTER COLUMN id ADD GENERATED BY DEFAULT AS IDENTITY (
    SEQUENCE NAME public.auth_user_groups_id_seq
    START WITH 1
    INCREMENT BY 1
    NO MINVALUE
    NO MAXVALUE
    CACHE 1
);


--
-- Name: auth_user_id_seq; Type: SEQUENCE; Schema: public; Owner: postgres
--

ALTER TABLE public.auth_user ALTER COLUMN id ADD GENERATED BY DEFAULT AS IDENTITY (
    SEQUENCE NAME public.auth_user_id_seq
    START WITH 1
    INCREMENT BY 1
    NO MINVALUE
    NO MAXVALUE
    CACHE 1
);


--
-- Name: auth_user_user_permissions; Type: TABLE; Schema: public; Owner: postgres
--

CREATE TABLE public.auth_user_user_permissions (
    id bigint NOT NULL,
    user_id integer NOT NULL,
    permission_id integer NOT NULL
);


ALTER TABLE public.auth_user_user_permissions OWNER TO postgres;

--
-- Name: auth_user_user_permissions_id_seq; Type: SEQUENCE; Schema: public; Owner: postgres
--

ALTER TABLE public.auth_user_user_permissions ALTER COLUMN id ADD GENERATED BY DEFAULT AS IDENTITY (
    SEQUENCE NAME public.auth_user_user_permissions_id_seq
    START WITH 1
    INCREMENT BY 1
    NO MINVALUE
    NO MAXVALUE
    CACHE 1
);


--
-- Name: clients; Type: TABLE; Schema: public; Owner: postgres
--

CREATE TABLE public.clients (
    client_id integer NOT NULL,
    surname character varying(50) NOT NULL,
    name character varying(50) NOT NULL,
    father_name character varying(50),
    email character varying(50) NOT NULL,
    phone character varying(11) NOT NULL,
    CONSTRAINT clients_email_check CHECK (((email)::text ~ '^[A-Za-z0-9._%+-]+@[A-Za-z0-9.-]+\.[A-Za-z]{2,}$'::text)),
    CONSTRAINT clients_phone_check CHECK (((phone)::text ~ '^8[0-9]{10}$'::text))
);


ALTER TABLE public.clients OWNER TO postgres;

--
-- Name: clients_client_id_seq; Type: SEQUENCE; Schema: public; Owner: postgres
--

CREATE SEQUENCE public.clients_client_id_seq
    AS integer
    START WITH 1
    INCREMENT BY 1
    NO MINVALUE
    NO MAXVALUE
    CACHE 1;


ALTER SEQUENCE public.clients_client_id_seq OWNER TO postgres;

--
-- Name: clients_client_id_seq; Type: SEQUENCE OWNED BY; Schema: public; Owner: postgres
--

ALTER SEQUENCE public.clients_client_id_seq OWNED BY public.clients.client_id;


--
-- Name: django_admin_log; Type: TABLE; Schema: public; Owner: postgres
--

CREATE TABLE public.django_admin_log (
    id integer NOT NULL,
    action_time timestamp with time zone NOT NULL,
    object_id text,
    object_repr character varying(200) NOT NULL,
    action_flag smallint NOT NULL,
    change_message text NOT NULL,
    content_type_id integer,
    user_id integer NOT NULL,
    CONSTRAINT django_admin_log_action_flag_check CHECK ((action_flag >= 0))
);


ALTER TABLE public.django_admin_log OWNER TO postgres;

--
-- Name: django_admin_log_id_seq; Type: SEQUENCE; Schema: public; Owner: postgres
--

ALTER TABLE public.django_admin_log ALTER COLUMN id ADD GENERATED BY DEFAULT AS IDENTITY (
    SEQUENCE NAME public.django_admin_log_id_seq
    START WITH 1
    INCREMENT BY 1
    NO MINVALUE
    NO MAXVALUE
    CACHE 1
);


--
-- Name: django_content_type; Type: TABLE; Schema: public; Owner: postgres
--

CREATE TABLE public.django_content_type (
    id integer NOT NULL,
    app_label character varying(100) NOT NULL,
    model character varying(100) NOT NULL
);


ALTER TABLE public.django_content_type OWNER TO postgres;

--
-- Name: django_content_type_id_seq; Type: SEQUENCE; Schema: public; Owner: postgres
--

ALTER TABLE public.django_content_type ALTER COLUMN id ADD GENERATED BY DEFAULT AS IDENTITY (
    SEQUENCE NAME public.django_content_type_id_seq
    START WITH 1
    INCREMENT BY 1
    NO MINVALUE
    NO MAXVALUE
    CACHE 1
);


--
-- Name: django_migrations; Type: TABLE; Schema: public; Owner: postgres
--

CREATE TABLE public.django_migrations (
    id bigint NOT NULL,
    app character varying(255) NOT NULL,
    name character varying(255) NOT NULL,
    applied timestamp with time zone NOT NULL
);


ALTER TABLE public.django_migrations OWNER TO postgres;

--
-- Name: django_migrations_id_seq; Type: SEQUENCE; Schema: public; Owner: postgres
--

ALTER TABLE public.django_migrations ALTER COLUMN id ADD GENERATED BY DEFAULT AS IDENTITY (
    SEQUENCE NAME public.django_migrations_id_seq
    START WITH 1
    INCREMENT BY 1
    NO MINVALUE
    NO MAXVALUE
    CACHE 1
);


--
-- Name: django_session; Type: TABLE; Schema: public; Owner: postgres
--

CREATE TABLE public.django_session (
    session_key character varying(40) NOT NULL,
    session_data text NOT NULL,
    expire_date timestamp with time zone NOT NULL
);


ALTER TABLE public.django_session OWNER TO postgres;

--
-- Name: list_position; Type: TABLE; Schema: public; Owner: postgres
--

CREATE TABLE public.list_position (
    position_id integer NOT NULL,
    position_name character varying(50) NOT NULL
);


ALTER TABLE public.list_position OWNER TO postgres;

--
-- Name: list_position_position_id_seq; Type: SEQUENCE; Schema: public; Owner: postgres
--

CREATE SEQUENCE public.list_position_position_id_seq
    AS integer
    START WITH 1
    INCREMENT BY 1
    NO MINVALUE
    NO MAXVALUE
    CACHE 1;


ALTER SEQUENCE public.list_position_position_id_seq OWNER TO postgres;

--
-- Name: list_position_position_id_seq; Type: SEQUENCE OWNED BY; Schema: public; Owner: postgres
--

ALTER SEQUENCE public.list_position_position_id_seq OWNED BY public.list_position.position_id;


--
-- Name: priorities; Type: TABLE; Schema: public; Owner: postgres
--

CREATE TABLE public.priorities (
    priority_id integer NOT NULL,
    priority_name character varying(50) NOT NULL
);


ALTER TABLE public.priorities OWNER TO postgres;

--
-- Name: priorities_priority_id_seq; Type: SEQUENCE; Schema: public; Owner: postgres
--

CREATE SEQUENCE public.priorities_priority_id_seq
    AS integer
    START WITH 1
    INCREMENT BY 1
    NO MINVALUE
    NO MAXVALUE
    CACHE 1;


ALTER SEQUENCE public.priorities_priority_id_seq OWNER TO postgres;

--
-- Name: priorities_priority_id_seq; Type: SEQUENCE OWNED BY; Schema: public; Owner: postgres
--

ALTER SEQUENCE public.priorities_priority_id_seq OWNED BY public.priorities.priority_id;


--
-- Name: project_statuses; Type: TABLE; Schema: public; Owner: postgres
--

CREATE TABLE public.project_statuses (
    status_id integer NOT NULL,
    status_name character varying(50) NOT NULL
);


ALTER TABLE public.project_statuses OWNER TO postgres;

--
-- Name: project_statuses_status_id_seq; Type: SEQUENCE; Schema: public; Owner: postgres
--

CREATE SEQUENCE public.project_statuses_status_id_seq
    AS integer
    START WITH 1
    INCREMENT BY 1
    NO MINVALUE
    NO MAXVALUE
    CACHE 1;


ALTER SEQUENCE public.project_statuses_status_id_seq OWNER TO postgres;

--
-- Name: project_statuses_status_id_seq; Type: SEQUENCE OWNED BY; Schema: public; Owner: postgres
--

ALTER SEQUENCE public.project_statuses_status_id_seq OWNED BY public.project_statuses.status_id;


--
-- Name: project_types; Type: TABLE; Schema: public; Owner: postgres
--

CREATE TABLE public.project_types (
    type_id integer NOT NULL,
    type_name character varying(50) NOT NULL
);


ALTER TABLE public.project_types OWNER TO postgres;

--
-- Name: project_types_type_id_seq; Type: SEQUENCE; Schema: public; Owner: postgres
--

CREATE SEQUENCE public.project_types_type_id_seq
    AS integer
    START WITH 1
    INCREMENT BY 1
    NO MINVALUE
    NO MAXVALUE
    CACHE 1;


ALTER SEQUENCE public.project_types_type_id_seq OWNER TO postgres;

--
-- Name: project_types_type_id_seq; Type: SEQUENCE OWNED BY; Schema: public; Owner: postgres
--

ALTER SEQUENCE public.project_types_type_id_seq OWNED BY public.project_types.type_id;


--
-- Name: projects; Type: TABLE; Schema: public; Owner: postgres
--

CREATE TABLE public.projects (
    project_id integer NOT NULL,
    project_name character varying(50) NOT NULL,
    description text NOT NULL,
    status_id integer NOT NULL,
    responsible_id integer NOT NULL,
    plan_start_date date NOT NULL,
    plan_finish_date date NOT NULL,
    client_id integer NOT NULL,
    type_id integer NOT NULL,
    tasks_list_id integer
);


ALTER TABLE public.projects OWNER TO postgres;

--
-- Name: projects_project_id_seq; Type: SEQUENCE; Schema: public; Owner: postgres
--

CREATE SEQUENCE public.projects_project_id_seq
    AS integer
    START WITH 1
    INCREMENT BY 1
    NO MINVALUE
    NO MAXVALUE
    CACHE 1;


ALTER SEQUENCE public.projects_project_id_seq OWNER TO postgres;

--
-- Name: projects_project_id_seq; Type: SEQUENCE OWNED BY; Schema: public; Owner: postgres
--

ALTER SEQUENCE public.projects_project_id_seq OWNED BY public.projects.project_id;


--
-- Name: responsible; Type: TABLE; Schema: public; Owner: postgres
--

CREATE TABLE public.responsible (
    responsible_id integer NOT NULL,
    surname character varying(50) NOT NULL,
    name character varying(50) NOT NULL,
    father_name character varying(50),
    email character varying(50) NOT NULL,
    phone character varying(11) NOT NULL,
    CONSTRAINT responsible_email_check CHECK (((email)::text ~ '^[A-Za-z0-9._%+-]+@[A-Za-z0-9.-]+\.[A-Za-z]{2,}$'::text)),
    CONSTRAINT responsible_phone_check CHECK (((phone)::text ~ '^8[0-9]{10}$'::text))
);


ALTER TABLE public.responsible OWNER TO postgres;

--
-- Name: responsible_responsible_id_seq; Type: SEQUENCE; Schema: public; Owner: postgres
--

CREATE SEQUENCE public.responsible_responsible_id_seq
    AS integer
    START WITH 1
    INCREMENT BY 1
    NO MINVALUE
    NO MAXVALUE
    CACHE 1;


ALTER SEQUENCE public.responsible_responsible_id_seq OWNER TO postgres;

--
-- Name: responsible_responsible_id_seq; Type: SEQUENCE OWNED BY; Schema: public; Owner: postgres
--

ALTER SEQUENCE public.responsible_responsible_id_seq OWNED BY public.responsible.responsible_id;


--
-- Name: task_lists; Type: TABLE; Schema: public; Owner: postgres
--

CREATE TABLE public.task_lists (
    list_id integer NOT NULL,
    list_name character varying(30) NOT NULL
);


ALTER TABLE public.task_lists OWNER TO postgres;

--
-- Name: task_lists_list_id_seq; Type: SEQUENCE; Schema: public; Owner: postgres
--

CREATE SEQUENCE public.task_lists_list_id_seq
    AS integer
    START WITH 1
    INCREMENT BY 1
    NO MINVALUE
    NO MAXVALUE
    CACHE 1;


ALTER SEQUENCE public.task_lists_list_id_seq OWNER TO postgres;

--
-- Name: task_lists_list_id_seq; Type: SEQUENCE OWNED BY; Schema: public; Owner: postgres
--

ALTER SEQUENCE public.task_lists_list_id_seq OWNED BY public.task_lists.list_id;


--
-- Name: task_statuses; Type: TABLE; Schema: public; Owner: postgres
--

CREATE TABLE public.task_statuses (
    status_id integer NOT NULL,
    status_name character varying(50) NOT NULL
);


ALTER TABLE public.task_statuses OWNER TO postgres;

--
-- Name: task_statuses_status_id_seq; Type: SEQUENCE; Schema: public; Owner: postgres
--

CREATE SEQUENCE public.task_statuses_status_id_seq
    AS integer
    START WITH 1
    INCREMENT BY 1
    NO MINVALUE
    NO MAXVALUE
    CACHE 1;


ALTER SEQUENCE public.task_statuses_status_id_seq OWNER TO postgres;

--
-- Name: task_statuses_status_id_seq; Type: SEQUENCE OWNED BY; Schema: public; Owner: postgres
--

ALTER SEQUENCE public.task_statuses_status_id_seq OWNED BY public.task_statuses.status_id;


--
-- Name: tasks; Type: TABLE; Schema: public; Owner: postgres
--

CREATE TABLE public.tasks (
    task_id integer NOT NULL,
    list_id integer NOT NULL,
    start_date date NOT NULL,
    priority_id integer NOT NULL,
    status_id integer NOT NULL,
    plan_finish_date date NOT NULL,
    description text DEFAULT '-'::text NOT NULL,
    responsible_worker_id integer
);


ALTER TABLE public.tasks OWNER TO postgres;

--
-- Name: tasks_task_id_seq; Type: SEQUENCE; Schema: public; Owner: postgres
--

CREATE SEQUENCE public.tasks_task_id_seq
    AS integer
    START WITH 1
    INCREMENT BY 1
    NO MINVALUE
    NO MAXVALUE
    CACHE 1;


ALTER SEQUENCE public.tasks_task_id_seq OWNER TO postgres;

--
-- Name: tasks_task_id_seq; Type: SEQUENCE OWNED BY; Schema: public; Owner: postgres
--

ALTER SEQUENCE public.tasks_task_id_seq OWNED BY public.tasks.task_id;


--
-- Name: workers; Type: TABLE; Schema: public; Owner: postgres
--

CREATE TABLE public.workers (
    worker_id integer NOT NULL,
    last_name character varying(50) NOT NULL,
    first_name character varying(50) NOT NULL,
    father_name character varying(50),
    email character varying(50) NOT NULL,
    phone character varying(11),
    work_phone character varying(6),
    position_id integer NOT NULL,
    password character varying(500) NOT NULL,
    CONSTRAINT workers_email_check CHECK (((email)::text ~ '^[A-Za-z0-9._%+-]+@[A-Za-z0-9.-]+\.[A-Za-z]{2,}$'::text))
);


ALTER TABLE public.workers OWNER TO postgres;

--
-- Name: workers_groups; Type: TABLE; Schema: public; Owner: postgres
--

CREATE TABLE public.workers_groups (
    group_id integer NOT NULL,
    task_id integer NOT NULL
);


ALTER TABLE public.workers_groups OWNER TO postgres;

--
-- Name: workers_groups_group_id_seq; Type: SEQUENCE; Schema: public; Owner: postgres
--

CREATE SEQUENCE public.workers_groups_group_id_seq
    AS integer
    START WITH 1
    INCREMENT BY 1
    NO MINVALUE
    NO MAXVALUE
    CACHE 1;


ALTER SEQUENCE public.workers_groups_group_id_seq OWNER TO postgres;

--
-- Name: workers_groups_group_id_seq; Type: SEQUENCE OWNED BY; Schema: public; Owner: postgres
--

ALTER SEQUENCE public.workers_groups_group_id_seq OWNED BY public.workers_groups.group_id;


--
-- Name: workers_worker_id_seq; Type: SEQUENCE; Schema: public; Owner: postgres
--

CREATE SEQUENCE public.workers_worker_id_seq
    AS integer
    START WITH 1
    INCREMENT BY 1
    NO MINVALUE
    NO MAXVALUE
    CACHE 1;


ALTER SEQUENCE public.workers_worker_id_seq OWNER TO postgres;

--
-- Name: workers_worker_id_seq; Type: SEQUENCE OWNED BY; Schema: public; Owner: postgres
--

ALTER SEQUENCE public.workers_worker_id_seq OWNED BY public.workers.worker_id;


--
-- Name: clients client_id; Type: DEFAULT; Schema: public; Owner: postgres
--

ALTER TABLE ONLY public.clients ALTER COLUMN client_id SET DEFAULT nextval('public.clients_client_id_seq'::regclass);


--
-- Name: list_position position_id; Type: DEFAULT; Schema: public; Owner: postgres
--

ALTER TABLE ONLY public.list_position ALTER COLUMN position_id SET DEFAULT nextval('public.list_position_position_id_seq'::regclass);


--
-- Name: priorities priority_id; Type: DEFAULT; Schema: public; Owner: postgres
--

ALTER TABLE ONLY public.priorities ALTER COLUMN priority_id SET DEFAULT nextval('public.priorities_priority_id_seq'::regclass);


--
-- Name: project_statuses status_id; Type: DEFAULT; Schema: public; Owner: postgres
--

ALTER TABLE ONLY public.project_statuses ALTER COLUMN status_id SET DEFAULT nextval('public.project_statuses_status_id_seq'::regclass);


--
-- Name: project_types type_id; Type: DEFAULT; Schema: public; Owner: postgres
--

ALTER TABLE ONLY public.project_types ALTER COLUMN type_id SET DEFAULT nextval('public.project_types_type_id_seq'::regclass);


--
-- Name: projects project_id; Type: DEFAULT; Schema: public; Owner: postgres
--

ALTER TABLE ONLY public.projects ALTER COLUMN project_id SET DEFAULT nextval('public.projects_project_id_seq'::regclass);


--
-- Name: responsible responsible_id; Type: DEFAULT; Schema: public; Owner: postgres
--

ALTER TABLE ONLY public.responsible ALTER COLUMN responsible_id SET DEFAULT nextval('public.responsible_responsible_id_seq'::regclass);


--
-- Name: task_lists list_id; Type: DEFAULT; Schema: public; Owner: postgres
--

ALTER TABLE ONLY public.task_lists ALTER COLUMN list_id SET DEFAULT nextval('public.task_lists_list_id_seq'::regclass);


--
-- Name: task_statuses status_id; Type: DEFAULT; Schema: public; Owner: postgres
--

ALTER TABLE ONLY public.task_statuses ALTER COLUMN status_id SET DEFAULT nextval('public.task_statuses_status_id_seq'::regclass);


--
-- Name: tasks task_id; Type: DEFAULT; Schema: public; Owner: postgres
--

ALTER TABLE ONLY public.tasks ALTER COLUMN task_id SET DEFAULT nextval('public.tasks_task_id_seq'::regclass);


--
-- Name: workers worker_id; Type: DEFAULT; Schema: public; Owner: postgres
--

ALTER TABLE ONLY public.workers ALTER COLUMN worker_id SET DEFAULT nextval('public.workers_worker_id_seq'::regclass);


--
-- Name: workers_groups group_id; Type: DEFAULT; Schema: public; Owner: postgres
--

ALTER TABLE ONLY public.workers_groups ALTER COLUMN group_id SET DEFAULT nextval('public.workers_groups_group_id_seq'::regclass);


--
-- Data for Name: auth_group; Type: TABLE DATA; Schema: public; Owner: postgres
--

COPY public.auth_group (id, name) FROM stdin;
\.


--
-- Data for Name: auth_group_permissions; Type: TABLE DATA; Schema: public; Owner: postgres
--

COPY public.auth_group_permissions (id, group_id, permission_id) FROM stdin;
\.


--
-- Data for Name: auth_permission; Type: TABLE DATA; Schema: public; Owner: postgres
--

COPY public.auth_permission (id, name, content_type_id, codename) FROM stdin;
1	Can add log entry	1	add_logentry
2	Can change log entry	1	change_logentry
3	Can delete log entry	1	delete_logentry
4	Can view log entry	1	view_logentry
5	Can add permission	2	add_permission
6	Can change permission	2	change_permission
7	Can delete permission	2	delete_permission
8	Can view permission	2	view_permission
9	Can add group	3	add_group
10	Can change group	3	change_group
11	Can delete group	3	delete_group
12	Can view group	3	view_group
13	Can add user	4	add_user
14	Can change user	4	change_user
15	Can delete user	4	delete_user
16	Can view user	4	view_user
17	Can add content type	5	add_contenttype
18	Can change content type	5	change_contenttype
19	Can delete content type	5	delete_contenttype
20	Can view content type	5	view_contenttype
21	Can add session	6	add_session
22	Can change session	6	change_session
23	Can delete session	6	delete_session
24	Can view session	6	view_session
25	Can add bb	7	add_bb
26	Can change bb	7	change_bb
27	Can delete bb	7	delete_bb
28	Can view bb	7	view_bb
29	Can add Rubric	8	add_rubric
30	Can change Rubric	8	change_rubric
31	Can delete Rubric	8	delete_rubric
32	Can view Rubric	8	view_rubric
33	Can add Проект	9	add_project
34	Can change Проект	9	change_project
35	Can delete Проект	9	delete_project
36	Can view Проект	9	view_project
37	Can add Client	10	add_clients
38	Can change Client	10	change_clients
39	Can delete Client	10	delete_clients
40	Can view Client	10	view_clients
41	Can add Project Status	11	add_projectstatuses
42	Can change Project Status	11	change_projectstatuses
43	Can delete Project Status	11	delete_projectstatuses
44	Can view Project Status	11	view_projectstatuses
45	Can add Project Type	12	add_projecttypes
46	Can change Project Type	12	change_projecttypes
47	Can delete Project Type	12	delete_projecttypes
48	Can view Project Type	12	view_projecttypes
49	Can add Task List	13	add_tasklists
50	Can change Task List	13	change_tasklists
51	Can delete Task List	13	delete_tasklists
52	Can view Task List	13	view_tasklists
53	Can add Task Status	14	add_taskstatuses
54	Can change Task Status	14	change_taskstatuses
55	Can delete Task Status	14	delete_taskstatuses
56	Can view Task Status	14	view_taskstatuses
57	Can add Priority	15	add_priorities
58	Can change Priority	15	change_priorities
59	Can delete Priority	15	delete_priorities
60	Can view Priority	15	view_priorities
61	Can add Task	16	add_tasks
62	Can change Task	16	change_tasks
63	Can delete Task	16	delete_tasks
64	Can view Task	16	view_tasks
65	Can add list positions	17	add_listpositions
66	Can change list positions	17	change_listpositions
67	Can delete list positions	17	delete_listpositions
68	Can view list positions	17	view_listpositions
69	Can add workers group	18	add_workersgroups
70	Can change workers group	18	change_workersgroups
71	Can delete workers group	18	delete_workersgroups
72	Can view workers group	18	view_workersgroups
73	Can add responsible	19	add_responsible
74	Can change responsible	19	change_responsible
75	Can delete responsible	19	delete_responsible
76	Can view responsible	19	view_responsible
77	Can add worker	20	add_workers
78	Can change worker	20	change_workers
79	Can delete worker	20	delete_workers
80	Can view worker	20	view_workers
81	Can add Project	21	add_projects
82	Can change Project	21	change_projects
83	Can delete Project	21	delete_projects
84	Can view Project	21	view_projects
85	Can add users	22	add_users
86	Can change users	22	change_users
87	Can delete users	22	delete_users
88	Can view users	22	view_users
\.


--
-- Data for Name: auth_user; Type: TABLE DATA; Schema: public; Owner: postgres
--

COPY public.auth_user (id, password, last_login, is_superuser, username, first_name, last_name, email, is_staff, is_active, date_joined) FROM stdin;
1	pbkdf2_sha256$870000$dSQLI4hu83vn4ZeE1lNiML$fw2rMRhRcu4pCYR6om9KKQp3TuUgsojDDmdoiKPyR8I=	2024-11-21 11:47:14.56094+03	t	user				t	t	2024-10-26 11:36:46.947748+03
\.


--
-- Data for Name: auth_user_groups; Type: TABLE DATA; Schema: public; Owner: postgres
--

COPY public.auth_user_groups (id, user_id, group_id) FROM stdin;
\.


--
-- Data for Name: auth_user_user_permissions; Type: TABLE DATA; Schema: public; Owner: postgres
--

COPY public.auth_user_user_permissions (id, user_id, permission_id) FROM stdin;
\.


--
-- Data for Name: clients; Type: TABLE DATA; Schema: public; Owner: postgres
--

COPY public.clients (client_id, surname, name, father_name, email, phone) FROM stdin;
1	Иванов	Сергей	Петрович	ivanov@example.com	89997771111
2	Петров	Александр	Иванов	petrov@example.com	89997772222
3	Сидоров	Дмитрий	Сергеевич	sidorov@example.com	89997773333
4	Иванов	Иван	Иванович	ivanovii@mail.ru	89532567800
\.


--
-- Data for Name: django_admin_log; Type: TABLE DATA; Schema: public; Owner: postgres
--

COPY public.django_admin_log (id, action_time, object_id, object_repr, action_flag, change_message, content_type_id, user_id) FROM stdin;
1	2024-11-07 16:25:24.308437+03	3	Mobile Banking App	2	[]	21	1
2	2024-11-21 09:17:05.125545+03	1	kuznetsov@example.com	1	[{"added": {}}]	22	1
3	2024-11-21 09:22:13.845303+03	1	kuznetsov@example.com	2	[{"changed": {"fields": ["Position"]}}]	22	1
\.


--
-- Data for Name: django_content_type; Type: TABLE DATA; Schema: public; Owner: postgres
--

COPY public.django_content_type (id, app_label, model) FROM stdin;
1	admin	logentry
2	auth	permission
3	auth	group
4	auth	user
5	contenttypes	contenttype
6	sessions	session
7	new	bb
8	new	rubric
9	project	project
10	project	clients
11	project	projectstatuses
12	project	projecttypes
13	project	tasklists
14	project	taskstatuses
15	project	priorities
16	project	tasks
17	users	listpositions
18	users	workersgroups
19	users	responsible
20	users	workers
21	project	projects
22	users	users
\.


--
-- Data for Name: django_migrations; Type: TABLE DATA; Schema: public; Owner: postgres
--

COPY public.django_migrations (id, app, name, applied) FROM stdin;
1	contenttypes	0001_initial	2024-10-26 11:30:28.737265+03
2	auth	0001_initial	2024-10-26 11:30:28.80627+03
3	admin	0001_initial	2024-10-26 11:30:28.824689+03
4	admin	0002_logentry_remove_auto_add	2024-10-26 11:30:28.828687+03
5	admin	0003_logentry_add_action_flag_choices	2024-10-26 11:30:28.836196+03
6	contenttypes	0002_remove_content_type_name	2024-10-26 11:30:28.863387+03
7	auth	0002_alter_permission_name_max_length	2024-10-26 11:30:28.868838+03
8	auth	0003_alter_user_email_max_length	2024-10-26 11:30:28.873858+03
9	auth	0004_alter_user_username_opts	2024-10-26 11:30:28.879059+03
10	auth	0005_alter_user_last_login_null	2024-10-26 11:30:28.885069+03
11	auth	0006_require_contenttypes_0002	2024-10-26 11:30:28.886784+03
12	auth	0007_alter_validators_add_error_messages	2024-10-26 11:30:28.891832+03
13	auth	0008_alter_user_username_max_length	2024-10-26 11:30:28.903741+03
14	auth	0009_alter_user_last_name_max_length	2024-10-26 11:30:28.909365+03
15	auth	0010_alter_group_name_max_length	2024-10-26 11:30:28.916334+03
16	auth	0011_update_proxy_permissions	2024-10-26 11:30:28.920546+03
17	auth	0012_alter_user_first_name_max_length	2024-10-26 11:30:28.926564+03
18	new	0001_initial	2024-10-26 11:30:28.936088+03
19	new	0002_rubric_bb_rubric	2024-10-26 11:30:28.946811+03
20	sessions	0001_initial	2024-10-26 11:30:28.956092+03
21	project	0001_initial	2024-10-30 21:24:01.255935+03
22	project	0002_alter_project_options_project_end_date_and_more	2024-10-30 21:24:01.284544+03
23	project	0003_alter_project_options	2024-10-30 21:24:01.288621+03
24	project	0004_clients_projectstatuses_projecttypes_tasklists_and_more	2024-10-31 09:05:41.412757+03
25	project	0005_alter_clients_options	2024-10-31 09:09:17.845138+03
26	project	0006_priorities_tasks	2024-11-03 13:20:35.183505+03
27	users	0001_initial	2024-11-03 13:20:35.211541+03
28	users	0002_responsible_workers_alter_listpositions_table_and_more	2024-11-03 13:58:49.690306+03
29	users	0003_alter_listpositions_options	2024-11-03 14:06:44.846884+03
30	project	0007_projects	2024-11-03 15:44:11.058839+03
31	users	0004_users	2024-11-20 22:03:24.2093+03
32	users	0005_alter_users_options_alter_users_table	2024-11-21 09:29:58.268254+03
33	users	0006_alter_users_table	2024-11-21 09:30:54.16737+03
34	users	0007_delete_users	2024-11-21 09:44:13.475706+03
35	users	0008_delete_workersgroups	2024-12-17 12:50:09.86074+03
\.


--
-- Data for Name: django_session; Type: TABLE DATA; Schema: public; Owner: postgres
--

COPY public.django_session (session_key, session_data, expire_date) FROM stdin;
jt1ysxyfylrgf29lxcobz3ew0i6xd37h	.eJxVjMsOgyAUBf-FdUMELkS77L7fQO4Di22DiejK9N-LiYt2OzPn7Critua41bTESdRVWXX5ZYT8SuUQ8sTymDXPZV0m0keiT1v1fZb0vp3t30HGmtsauDeAbGFInsGh2GCchy5Q59gGkiAyQnBInkcyxgwta4B6C8GjU58v2C03ig:1tPPpE:5ElFbGbmqcPk3AXH-Ne6TUZYQhj1VTr6_6eTBslwQYM	2025-01-05 20:33:08.863763+03
4z1a71fay3baf3fu3w7l3b58ou3o985l	.eJxVjDsOwjAQRO_iGlm248-Gkp4zWOv1ggPIluKkQtydREoBxTTz3sxbRFyXEtfOc5yyOAstTr9dQnpy3UF-YL03Sa0u85TkrsiDdnltmV-Xw_07KNjLtnaEmBIMRDqB0uYWHPqRQQXPQWVyGkcDWm0BS4zE1jhgq80QfE5KfL7pJjeR:1t6OKj:zeJhkXV60cbrCc0SLfEJlLJ8cXzNfyXzRmsWj0LGPoc	2024-11-14 09:07:01.748259+03
fvxdzjd710tqbhyle73ynzvtnmi2g0py	.eJxVjDsOwjAQRO_iGlm248-Gkp4zWOv1ggPIluKkQtydREoBxTTz3sxbRFyXEtfOc5yyOAstTr9dQnpy3UF-YL03Sa0u85TkrsiDdnltmV-Xw_07KNjLtnaEmBIMRDqB0uYWHPqRQQXPQWVyGkcDWm0BS4zE1jhgq80QfE5KfL7pJjeR:1tE1TQ:oTMxyfZu6PBv0X-HkGkPh4KD7dIms_uAL_1kKjCcC3U	2024-12-05 10:19:32.706831+03
7a3pxgbrea6or4e5eskik22qz8dtmoo1	.eJxVjMsOgyAUBf-FdUMELkS77L7fQO4Di22DiejK9N-LiYt2OzPn7Critua41bTESdRVWXX5ZYT8SuUQ8sTymDXPZV0m0keiT1v1fZb0vp3t30HGmtsauDeAbGFInsGh2GCchy5Q59gGkiAyQnBInkcyxgwta4B6C8GjU58v2C03ig:1tQ9AE:16K78STVZ_B9ZVu6YK1SIQpysC6TqZ0VqoMyUasMa10	2025-01-07 20:57:50.038068+03
gefh2im6d6xyg8b8fp9xhqkzrtbynzw6	.eJxVjEEOwiAQRe_C2hAYmIFx6d4zEApEqgaS0q6Md9cmXej2v_f-S4S4rTVsoyxhzuIstBGn33GK6VHaTvI9tluXqbd1mSe5K_KgQ157Ls_L4f4d1Djqt2blsGTPrJVFUi6hB2sZADgqwGQpa7JAiDH75BI7Y5mcZuMByZB4fwC0KTWJ:1u2V0C:L25BxNOCXEnM-mhF5c0vQgzNdmVse_OU0hQf73e5W0o	2025-04-23 15:58:00.442392+03
7vq26xsn74y4an7e2t2hv1ocl01cy6qk	.eJxVjMsOwiAURP-FtSEgjwsu3fcbCNyLUjWQlHZl_HdL0oVmdnPOzJuFuK0lbD0vYSZ2YYqdfrsU8ZnrAPSI9d44trouc-JD4QftfGqUX9fD_TsosZd9nS1KguSNszcltYqAZMha0FJJECizcSM6-R160Cj1WZD32QmKYNjnC8Y_Nsw:1tPIyC:DSoYPW-OJNjxN_0qGBV2Fy68st7U1d_Gpg03vkS6UB4	2025-01-05 13:13:56.700975+03
p5c6t0cz88snfkk05weyup0a69urgwgm	.eJxVjMsOgyAUBf-FdUMELkS77L7fQO4Di22DiejK9N-LiYt2OzPn7Critua41bTESdRVWXX5ZYT8SuUQ8sTymDXPZV0m0keiT1v1fZb0vp3t30HGmtsauDeAbGFInsGh2GCchy5Q59gGkiAyQnBInkcyxgwta4B6C8GjU58v2C03ig:1tPJNP:pvZCDJAp_M60SKpAGXpemj0cE06NjUTIkAP6V1DSTGE	2025-01-05 13:39:59.510198+03
\.


--
-- Data for Name: list_position; Type: TABLE DATA; Schema: public; Owner: postgres
--

COPY public.list_position (position_id, position_name) FROM stdin;
1	Администратор
2	Работодатель
3	Соискатель
\.


--
-- Data for Name: priorities; Type: TABLE DATA; Schema: public; Owner: postgres
--

COPY public.priorities (priority_id, priority_name) FROM stdin;
1	Низкий
2	Средний
3	Высокий
4	Критический
\.


--
-- Data for Name: project_statuses; Type: TABLE DATA; Schema: public; Owner: postgres
--

COPY public.project_statuses (status_id, status_name) FROM stdin;
1	Выполнен
2	В процессе
3	Не начат
4	Приостановлен
\.


--
-- Data for Name: project_types; Type: TABLE DATA; Schema: public; Owner: postgres
--

COPY public.project_types (type_id, type_name) FROM stdin;
1	Разработка ПО
2	Веб-разработка
3	Мобильная разработка
\.


--
-- Data for Name: projects; Type: TABLE DATA; Schema: public; Owner: postgres
--

COPY public.projects (project_id, project_name, description, status_id, responsible_id, plan_start_date, plan_finish_date, client_id, type_id, tasks_list_id) FROM stdin;
2	E-commerce Platform	Разработка платформы для электронной коммерции	2	2	2024-06-01	2025-06-01	2	2	2
7	1	1	3	2	2024-12-12	2024-12-19	4	1	\N
13	test	test	3	2	2024-12-26	2024-12-27	2	1	\N
14	test2	test2	2	2	2024-12-22	2024-12-25	4	3	4
1	CRM System Development	Разработка CRM-системы для управления клиентами	2	2	2024-11-01	2025-05-05	1	1	1
3	Mobile Banking	Разработка мобильного приложения для онлайн-банкинга	2	2	2024-10-10	2025-01-01	3	3	3
\.


--
-- Data for Name: responsible; Type: TABLE DATA; Schema: public; Owner: postgres
--

COPY public.responsible (responsible_id, surname, name, father_name, email, phone) FROM stdin;
2	Петрова	Алла	Викторовна	smirnova@example.com	89997775555
\.


--
-- Data for Name: task_lists; Type: TABLE DATA; Schema: public; Owner: postgres
--

COPY public.task_lists (list_id, list_name) FROM stdin;
1	CRM Tasks
2	E-commerce Tasks
3	Mobile App Tasks
4	test2
\.


--
-- Data for Name: task_statuses; Type: TABLE DATA; Schema: public; Owner: postgres
--

COPY public.task_statuses (status_id, status_name) FROM stdin;
1	Выполнена
2	В процессе
3	Не начата
4	Заблокирована
5	Doing
6	Done
\.


--
-- Data for Name: tasks; Type: TABLE DATA; Schema: public; Owner: postgres
--

COPY public.tasks (task_id, list_id, start_date, priority_id, status_id, plan_finish_date, description, responsible_worker_id) FROM stdin;
2	2	2024-12-17	3	5	2024-12-19	a lot of tex	1
4	4	2024-12-05	1	6	2024-12-10	test	\N
3	3	2025-01-14	2	5	2024-12-26	some text too	1
1	1	2024-12-25	3	6	2024-12-26	some text	\N
\.


--
-- Data for Name: workers; Type: TABLE DATA; Schema: public; Owner: postgres
--

COPY public.workers (worker_id, last_name, first_name, father_name, email, phone, work_phone, position_id, password) FROM stdin;
1	Кабачков	Иван	Александрович	kuznetsov@example.com	89997774444	123456	3	pbkdf2_sha256$870000$WVdmC2Zowvpc4mRX2ui5KC$ZqFa02osLqHED18YNKPUZes5C563j+OolfuWhGr2AB8=
12	Казаков	Артем	Владимирович	kazakov69@mail.ru	89005004545	\N	1	pbkdf2_sha256$870000$cOHPRqYPIivZeOTjWGcVk2$WmZw7zyXMI/2zGpeBrAfaunhDibdxSAmaCHigAp8rJk=
2	Петрова	Алла	Викторовна	smirnova@example.com	89997775555	654321	2	pbkdf2_sha256$870000$wce0TTTgDCP7G1HifyY7Ir$mHT05gDjg2QjTxJU8X8YrJLiE7yCoBAHLBeZu0+WVX4=
10	Капустин	Богдан	Иванович	ivanvv@mail.ru	89005004545	\N	3	pbkdf2_sha256$870000$bFWCLuU4L97xYURYf3Dako$2ByKQQ3iM+YR4uS2kKkMR1wMIbQ5qBc3kgxfi+GUn3w=
3	Примархов	Антон	Сергеевич	morozov@example.com	89997776666	345678	1	pbkdf2_sha256$870000$f2ZUTMEuSFiVkkCyXjdpNv$C+9lWbiugluyRH/48hPlrMJMorPdW4KLxydsMaPIXHE=
13	Doe	John	-	johnDoe@example.com	89009002233	\N	1	pbkdf2_sha256$1000000$tKxq4KcKoh9VBNbodsCstw$sZxfUXFbbnCnhV9X3I2/vXp0a/bmD0yja4EuXQM9r5E=
\.


--
-- Data for Name: workers_groups; Type: TABLE DATA; Schema: public; Owner: postgres
--

COPY public.workers_groups (group_id, task_id) FROM stdin;
1	1
2	2
3	3
\.


--
-- Name: auth_group_id_seq; Type: SEQUENCE SET; Schema: public; Owner: postgres
--

SELECT pg_catalog.setval('public.auth_group_id_seq', 1, false);


--
-- Name: auth_group_permissions_id_seq; Type: SEQUENCE SET; Schema: public; Owner: postgres
--

SELECT pg_catalog.setval('public.auth_group_permissions_id_seq', 1, false);


--
-- Name: auth_permission_id_seq; Type: SEQUENCE SET; Schema: public; Owner: postgres
--

SELECT pg_catalog.setval('public.auth_permission_id_seq', 88, true);


--
-- Name: auth_user_groups_id_seq; Type: SEQUENCE SET; Schema: public; Owner: postgres
--

SELECT pg_catalog.setval('public.auth_user_groups_id_seq', 1, false);


--
-- Name: auth_user_id_seq; Type: SEQUENCE SET; Schema: public; Owner: postgres
--

SELECT pg_catalog.setval('public.auth_user_id_seq', 2, true);


--
-- Name: auth_user_user_permissions_id_seq; Type: SEQUENCE SET; Schema: public; Owner: postgres
--

SELECT pg_catalog.setval('public.auth_user_user_permissions_id_seq', 1, false);


--
-- Name: clients_client_id_seq; Type: SEQUENCE SET; Schema: public; Owner: postgres
--

SELECT pg_catalog.setval('public.clients_client_id_seq', 4, true);


--
-- Name: django_admin_log_id_seq; Type: SEQUENCE SET; Schema: public; Owner: postgres
--

SELECT pg_catalog.setval('public.django_admin_log_id_seq', 3, true);


--
-- Name: django_content_type_id_seq; Type: SEQUENCE SET; Schema: public; Owner: postgres
--

SELECT pg_catalog.setval('public.django_content_type_id_seq', 22, true);


--
-- Name: django_migrations_id_seq; Type: SEQUENCE SET; Schema: public; Owner: postgres
--

SELECT pg_catalog.setval('public.django_migrations_id_seq', 35, true);


--
-- Name: list_position_position_id_seq; Type: SEQUENCE SET; Schema: public; Owner: postgres
--

SELECT pg_catalog.setval('public.list_position_position_id_seq', 3, true);


--
-- Name: priorities_priority_id_seq; Type: SEQUENCE SET; Schema: public; Owner: postgres
--

SELECT pg_catalog.setval('public.priorities_priority_id_seq', 4, true);


--
-- Name: project_statuses_status_id_seq; Type: SEQUENCE SET; Schema: public; Owner: postgres
--

SELECT pg_catalog.setval('public.project_statuses_status_id_seq', 4, true);


--
-- Name: project_types_type_id_seq; Type: SEQUENCE SET; Schema: public; Owner: postgres
--

SELECT pg_catalog.setval('public.project_types_type_id_seq', 3, true);


--
-- Name: projects_project_id_seq; Type: SEQUENCE SET; Schema: public; Owner: postgres
--

SELECT pg_catalog.setval('public.projects_project_id_seq', 16, true);


--
-- Name: responsible_responsible_id_seq; Type: SEQUENCE SET; Schema: public; Owner: postgres
--

SELECT pg_catalog.setval('public.responsible_responsible_id_seq', 1, false);


--
-- Name: task_lists_list_id_seq; Type: SEQUENCE SET; Schema: public; Owner: postgres
--

SELECT pg_catalog.setval('public.task_lists_list_id_seq', 6, true);


--
-- Name: task_statuses_status_id_seq; Type: SEQUENCE SET; Schema: public; Owner: postgres
--

SELECT pg_catalog.setval('public.task_statuses_status_id_seq', 6, true);


--
-- Name: tasks_task_id_seq; Type: SEQUENCE SET; Schema: public; Owner: postgres
--

SELECT pg_catalog.setval('public.tasks_task_id_seq', 7, true);


--
-- Name: workers_groups_group_id_seq; Type: SEQUENCE SET; Schema: public; Owner: postgres
--

SELECT pg_catalog.setval('public.workers_groups_group_id_seq', 3, true);


--
-- Name: workers_worker_id_seq; Type: SEQUENCE SET; Schema: public; Owner: postgres
--

SELECT pg_catalog.setval('public.workers_worker_id_seq', 13, true);


--
-- Name: auth_group auth_group_name_key; Type: CONSTRAINT; Schema: public; Owner: postgres
--

ALTER TABLE ONLY public.auth_group
    ADD CONSTRAINT auth_group_name_key UNIQUE (name);


--
-- Name: auth_group_permissions auth_group_permissions_group_id_permission_id_0cd325b0_uniq; Type: CONSTRAINT; Schema: public; Owner: postgres
--

ALTER TABLE ONLY public.auth_group_permissions
    ADD CONSTRAINT auth_group_permissions_group_id_permission_id_0cd325b0_uniq UNIQUE (group_id, permission_id);


--
-- Name: auth_group_permissions auth_group_permissions_pkey; Type: CONSTRAINT; Schema: public; Owner: postgres
--

ALTER TABLE ONLY public.auth_group_permissions
    ADD CONSTRAINT auth_group_permissions_pkey PRIMARY KEY (id);


--
-- Name: auth_group auth_group_pkey; Type: CONSTRAINT; Schema: public; Owner: postgres
--

ALTER TABLE ONLY public.auth_group
    ADD CONSTRAINT auth_group_pkey PRIMARY KEY (id);


--
-- Name: auth_permission auth_permission_content_type_id_codename_01ab375a_uniq; Type: CONSTRAINT; Schema: public; Owner: postgres
--

ALTER TABLE ONLY public.auth_permission
    ADD CONSTRAINT auth_permission_content_type_id_codename_01ab375a_uniq UNIQUE (content_type_id, codename);


--
-- Name: auth_permission auth_permission_pkey; Type: CONSTRAINT; Schema: public; Owner: postgres
--

ALTER TABLE ONLY public.auth_permission
    ADD CONSTRAINT auth_permission_pkey PRIMARY KEY (id);


--
-- Name: auth_user_groups auth_user_groups_pkey; Type: CONSTRAINT; Schema: public; Owner: postgres
--

ALTER TABLE ONLY public.auth_user_groups
    ADD CONSTRAINT auth_user_groups_pkey PRIMARY KEY (id);


--
-- Name: auth_user_groups auth_user_groups_user_id_group_id_94350c0c_uniq; Type: CONSTRAINT; Schema: public; Owner: postgres
--

ALTER TABLE ONLY public.auth_user_groups
    ADD CONSTRAINT auth_user_groups_user_id_group_id_94350c0c_uniq UNIQUE (user_id, group_id);


--
-- Name: auth_user auth_user_pkey; Type: CONSTRAINT; Schema: public; Owner: postgres
--

ALTER TABLE ONLY public.auth_user
    ADD CONSTRAINT auth_user_pkey PRIMARY KEY (id);


--
-- Name: auth_user_user_permissions auth_user_user_permissions_pkey; Type: CONSTRAINT; Schema: public; Owner: postgres
--

ALTER TABLE ONLY public.auth_user_user_permissions
    ADD CONSTRAINT auth_user_user_permissions_pkey PRIMARY KEY (id);


--
-- Name: auth_user_user_permissions auth_user_user_permissions_user_id_permission_id_14a6b632_uniq; Type: CONSTRAINT; Schema: public; Owner: postgres
--

ALTER TABLE ONLY public.auth_user_user_permissions
    ADD CONSTRAINT auth_user_user_permissions_user_id_permission_id_14a6b632_uniq UNIQUE (user_id, permission_id);


--
-- Name: auth_user auth_user_username_key; Type: CONSTRAINT; Schema: public; Owner: postgres
--

ALTER TABLE ONLY public.auth_user
    ADD CONSTRAINT auth_user_username_key UNIQUE (username);


--
-- Name: clients clients_pkey; Type: CONSTRAINT; Schema: public; Owner: postgres
--

ALTER TABLE ONLY public.clients
    ADD CONSTRAINT clients_pkey PRIMARY KEY (client_id);


--
-- Name: django_admin_log django_admin_log_pkey; Type: CONSTRAINT; Schema: public; Owner: postgres
--

ALTER TABLE ONLY public.django_admin_log
    ADD CONSTRAINT django_admin_log_pkey PRIMARY KEY (id);


--
-- Name: django_content_type django_content_type_app_label_model_76bd3d3b_uniq; Type: CONSTRAINT; Schema: public; Owner: postgres
--

ALTER TABLE ONLY public.django_content_type
    ADD CONSTRAINT django_content_type_app_label_model_76bd3d3b_uniq UNIQUE (app_label, model);


--
-- Name: django_content_type django_content_type_pkey; Type: CONSTRAINT; Schema: public; Owner: postgres
--

ALTER TABLE ONLY public.django_content_type
    ADD CONSTRAINT django_content_type_pkey PRIMARY KEY (id);


--
-- Name: django_migrations django_migrations_pkey; Type: CONSTRAINT; Schema: public; Owner: postgres
--

ALTER TABLE ONLY public.django_migrations
    ADD CONSTRAINT django_migrations_pkey PRIMARY KEY (id);


--
-- Name: django_session django_session_pkey; Type: CONSTRAINT; Schema: public; Owner: postgres
--

ALTER TABLE ONLY public.django_session
    ADD CONSTRAINT django_session_pkey PRIMARY KEY (session_key);


--
-- Name: list_position list_position_pkey; Type: CONSTRAINT; Schema: public; Owner: postgres
--

ALTER TABLE ONLY public.list_position
    ADD CONSTRAINT list_position_pkey PRIMARY KEY (position_id);


--
-- Name: priorities priorities_pkey; Type: CONSTRAINT; Schema: public; Owner: postgres
--

ALTER TABLE ONLY public.priorities
    ADD CONSTRAINT priorities_pkey PRIMARY KEY (priority_id);


--
-- Name: project_statuses project_statuses_pkey; Type: CONSTRAINT; Schema: public; Owner: postgres
--

ALTER TABLE ONLY public.project_statuses
    ADD CONSTRAINT project_statuses_pkey PRIMARY KEY (status_id);


--
-- Name: project_types project_types_pkey; Type: CONSTRAINT; Schema: public; Owner: postgres
--

ALTER TABLE ONLY public.project_types
    ADD CONSTRAINT project_types_pkey PRIMARY KEY (type_id);


--
-- Name: projects projects_pkey; Type: CONSTRAINT; Schema: public; Owner: postgres
--

ALTER TABLE ONLY public.projects
    ADD CONSTRAINT projects_pkey PRIMARY KEY (project_id);


--
-- Name: responsible responsible_pkey; Type: CONSTRAINT; Schema: public; Owner: postgres
--

ALTER TABLE ONLY public.responsible
    ADD CONSTRAINT responsible_pkey PRIMARY KEY (responsible_id);


--
-- Name: task_lists task_lists_pkey; Type: CONSTRAINT; Schema: public; Owner: postgres
--

ALTER TABLE ONLY public.task_lists
    ADD CONSTRAINT task_lists_pkey PRIMARY KEY (list_id);


--
-- Name: task_statuses task_statuses_pkey; Type: CONSTRAINT; Schema: public; Owner: postgres
--

ALTER TABLE ONLY public.task_statuses
    ADD CONSTRAINT task_statuses_pkey PRIMARY KEY (status_id);


--
-- Name: tasks tasks_pkey; Type: CONSTRAINT; Schema: public; Owner: postgres
--

ALTER TABLE ONLY public.tasks
    ADD CONSTRAINT tasks_pkey PRIMARY KEY (task_id);


--
-- Name: workers_groups workers_groups_pkey; Type: CONSTRAINT; Schema: public; Owner: postgres
--

ALTER TABLE ONLY public.workers_groups
    ADD CONSTRAINT workers_groups_pkey PRIMARY KEY (group_id);


--
-- Name: workers workers_pkey; Type: CONSTRAINT; Schema: public; Owner: postgres
--

ALTER TABLE ONLY public.workers
    ADD CONSTRAINT workers_pkey PRIMARY KEY (worker_id);


--
-- Name: auth_group_name_a6ea08ec_like; Type: INDEX; Schema: public; Owner: postgres
--

CREATE INDEX auth_group_name_a6ea08ec_like ON public.auth_group USING btree (name varchar_pattern_ops);


--
-- Name: auth_group_permissions_group_id_b120cbf9; Type: INDEX; Schema: public; Owner: postgres
--

CREATE INDEX auth_group_permissions_group_id_b120cbf9 ON public.auth_group_permissions USING btree (group_id);


--
-- Name: auth_group_permissions_permission_id_84c5c92e; Type: INDEX; Schema: public; Owner: postgres
--

CREATE INDEX auth_group_permissions_permission_id_84c5c92e ON public.auth_group_permissions USING btree (permission_id);


--
-- Name: auth_permission_content_type_id_2f476e4b; Type: INDEX; Schema: public; Owner: postgres
--

CREATE INDEX auth_permission_content_type_id_2f476e4b ON public.auth_permission USING btree (content_type_id);


--
-- Name: auth_user_groups_group_id_97559544; Type: INDEX; Schema: public; Owner: postgres
--

CREATE INDEX auth_user_groups_group_id_97559544 ON public.auth_user_groups USING btree (group_id);


--
-- Name: auth_user_groups_user_id_6a12ed8b; Type: INDEX; Schema: public; Owner: postgres
--

CREATE INDEX auth_user_groups_user_id_6a12ed8b ON public.auth_user_groups USING btree (user_id);


--
-- Name: auth_user_user_permissions_permission_id_1fbb5f2c; Type: INDEX; Schema: public; Owner: postgres
--

CREATE INDEX auth_user_user_permissions_permission_id_1fbb5f2c ON public.auth_user_user_permissions USING btree (permission_id);


--
-- Name: auth_user_user_permissions_user_id_a95ead1b; Type: INDEX; Schema: public; Owner: postgres
--

CREATE INDEX auth_user_user_permissions_user_id_a95ead1b ON public.auth_user_user_permissions USING btree (user_id);


--
-- Name: auth_user_username_6821ab7c_like; Type: INDEX; Schema: public; Owner: postgres
--

CREATE INDEX auth_user_username_6821ab7c_like ON public.auth_user USING btree (username varchar_pattern_ops);


--
-- Name: django_admin_log_content_type_id_c4bce8eb; Type: INDEX; Schema: public; Owner: postgres
--

CREATE INDEX django_admin_log_content_type_id_c4bce8eb ON public.django_admin_log USING btree (content_type_id);


--
-- Name: django_admin_log_user_id_c564eba6; Type: INDEX; Schema: public; Owner: postgres
--

CREATE INDEX django_admin_log_user_id_c564eba6 ON public.django_admin_log USING btree (user_id);


--
-- Name: django_session_expire_date_a5c62663; Type: INDEX; Schema: public; Owner: postgres
--

CREATE INDEX django_session_expire_date_a5c62663 ON public.django_session USING btree (expire_date);


--
-- Name: django_session_session_key_c0390e0f_like; Type: INDEX; Schema: public; Owner: postgres
--

CREATE INDEX django_session_session_key_c0390e0f_like ON public.django_session USING btree (session_key varchar_pattern_ops);


--
-- Name: projects after_insert_project; Type: TRIGGER; Schema: public; Owner: postgres
--

CREATE TRIGGER after_insert_project AFTER INSERT ON public.projects FOR EACH ROW EXECUTE FUNCTION public.add_task_list_for_project();


--
-- Name: workers after_worker_insert; Type: TRIGGER; Schema: public; Owner: postgres
--

CREATE TRIGGER after_worker_insert AFTER INSERT ON public.workers FOR EACH ROW EXECUTE FUNCTION public.add_responsible_if_manager();


--
-- Name: workers after_worker_update; Type: TRIGGER; Schema: public; Owner: postgres
--

CREATE TRIGGER after_worker_update AFTER UPDATE ON public.workers FOR EACH ROW EXECUTE FUNCTION public.update_responsible_for_manager();


--
-- Name: projects trigger_delete_task_list; Type: TRIGGER; Schema: public; Owner: postgres
--

CREATE TRIGGER trigger_delete_task_list AFTER DELETE ON public.projects FOR EACH ROW EXECUTE FUNCTION public.del_from_task_list();


--
-- Name: auth_group_permissions auth_group_permissio_permission_id_84c5c92e_fk_auth_perm; Type: FK CONSTRAINT; Schema: public; Owner: postgres
--

ALTER TABLE ONLY public.auth_group_permissions
    ADD CONSTRAINT auth_group_permissio_permission_id_84c5c92e_fk_auth_perm FOREIGN KEY (permission_id) REFERENCES public.auth_permission(id) DEFERRABLE INITIALLY DEFERRED;


--
-- Name: auth_group_permissions auth_group_permissions_group_id_b120cbf9_fk_auth_group_id; Type: FK CONSTRAINT; Schema: public; Owner: postgres
--

ALTER TABLE ONLY public.auth_group_permissions
    ADD CONSTRAINT auth_group_permissions_group_id_b120cbf9_fk_auth_group_id FOREIGN KEY (group_id) REFERENCES public.auth_group(id) DEFERRABLE INITIALLY DEFERRED;


--
-- Name: auth_permission auth_permission_content_type_id_2f476e4b_fk_django_co; Type: FK CONSTRAINT; Schema: public; Owner: postgres
--

ALTER TABLE ONLY public.auth_permission
    ADD CONSTRAINT auth_permission_content_type_id_2f476e4b_fk_django_co FOREIGN KEY (content_type_id) REFERENCES public.django_content_type(id) DEFERRABLE INITIALLY DEFERRED;


--
-- Name: auth_user_groups auth_user_groups_group_id_97559544_fk_auth_group_id; Type: FK CONSTRAINT; Schema: public; Owner: postgres
--

ALTER TABLE ONLY public.auth_user_groups
    ADD CONSTRAINT auth_user_groups_group_id_97559544_fk_auth_group_id FOREIGN KEY (group_id) REFERENCES public.auth_group(id) DEFERRABLE INITIALLY DEFERRED;


--
-- Name: auth_user_groups auth_user_groups_user_id_6a12ed8b_fk_auth_user_id; Type: FK CONSTRAINT; Schema: public; Owner: postgres
--

ALTER TABLE ONLY public.auth_user_groups
    ADD CONSTRAINT auth_user_groups_user_id_6a12ed8b_fk_auth_user_id FOREIGN KEY (user_id) REFERENCES public.auth_user(id) DEFERRABLE INITIALLY DEFERRED;


--
-- Name: auth_user_user_permissions auth_user_user_permi_permission_id_1fbb5f2c_fk_auth_perm; Type: FK CONSTRAINT; Schema: public; Owner: postgres
--

ALTER TABLE ONLY public.auth_user_user_permissions
    ADD CONSTRAINT auth_user_user_permi_permission_id_1fbb5f2c_fk_auth_perm FOREIGN KEY (permission_id) REFERENCES public.auth_permission(id) DEFERRABLE INITIALLY DEFERRED;


--
-- Name: auth_user_user_permissions auth_user_user_permissions_user_id_a95ead1b_fk_auth_user_id; Type: FK CONSTRAINT; Schema: public; Owner: postgres
--

ALTER TABLE ONLY public.auth_user_user_permissions
    ADD CONSTRAINT auth_user_user_permissions_user_id_a95ead1b_fk_auth_user_id FOREIGN KEY (user_id) REFERENCES public.auth_user(id) DEFERRABLE INITIALLY DEFERRED;


--
-- Name: django_admin_log django_admin_log_content_type_id_c4bce8eb_fk_django_co; Type: FK CONSTRAINT; Schema: public; Owner: postgres
--

ALTER TABLE ONLY public.django_admin_log
    ADD CONSTRAINT django_admin_log_content_type_id_c4bce8eb_fk_django_co FOREIGN KEY (content_type_id) REFERENCES public.django_content_type(id) DEFERRABLE INITIALLY DEFERRED;


--
-- Name: django_admin_log django_admin_log_user_id_c564eba6_fk_auth_user_id; Type: FK CONSTRAINT; Schema: public; Owner: postgres
--

ALTER TABLE ONLY public.django_admin_log
    ADD CONSTRAINT django_admin_log_user_id_c564eba6_fk_auth_user_id FOREIGN KEY (user_id) REFERENCES public.auth_user(id) DEFERRABLE INITIALLY DEFERRED;


--
-- Name: projects fk_client; Type: FK CONSTRAINT; Schema: public; Owner: postgres
--

ALTER TABLE ONLY public.projects
    ADD CONSTRAINT fk_client FOREIGN KEY (client_id) REFERENCES public.clients(client_id) ON UPDATE CASCADE ON DELETE CASCADE;


--
-- Name: tasks fk_priorities; Type: FK CONSTRAINT; Schema: public; Owner: postgres
--

ALTER TABLE ONLY public.tasks
    ADD CONSTRAINT fk_priorities FOREIGN KEY (priority_id) REFERENCES public.priorities(priority_id) ON UPDATE CASCADE ON DELETE CASCADE;


--
-- Name: projects fk_responsible; Type: FK CONSTRAINT; Schema: public; Owner: postgres
--

ALTER TABLE ONLY public.projects
    ADD CONSTRAINT fk_responsible FOREIGN KEY (responsible_id) REFERENCES public.responsible(responsible_id) ON UPDATE CASCADE ON DELETE CASCADE;


--
-- Name: projects fk_status; Type: FK CONSTRAINT; Schema: public; Owner: postgres
--

ALTER TABLE ONLY public.projects
    ADD CONSTRAINT fk_status FOREIGN KEY (status_id) REFERENCES public.project_statuses(status_id) ON UPDATE CASCADE ON DELETE CASCADE;


--
-- Name: workers_groups fk_task; Type: FK CONSTRAINT; Schema: public; Owner: postgres
--

ALTER TABLE ONLY public.workers_groups
    ADD CONSTRAINT fk_task FOREIGN KEY (task_id) REFERENCES public.tasks(task_id) ON UPDATE CASCADE ON DELETE CASCADE;


--
-- Name: projects fk_task_lists; Type: FK CONSTRAINT; Schema: public; Owner: postgres
--

ALTER TABLE ONLY public.projects
    ADD CONSTRAINT fk_task_lists FOREIGN KEY (tasks_list_id) REFERENCES public.task_lists(list_id) ON UPDATE CASCADE ON DELETE CASCADE;


--
-- Name: workers fk_task_lists; Type: FK CONSTRAINT; Schema: public; Owner: postgres
--

ALTER TABLE ONLY public.workers
    ADD CONSTRAINT fk_task_lists FOREIGN KEY (position_id) REFERENCES public.list_position(position_id) ON UPDATE CASCADE ON DELETE CASCADE;


--
-- Name: tasks fk_task_statuses; Type: FK CONSTRAINT; Schema: public; Owner: postgres
--

ALTER TABLE ONLY public.tasks
    ADD CONSTRAINT fk_task_statuses FOREIGN KEY (status_id) REFERENCES public.task_statuses(status_id) ON UPDATE CASCADE ON DELETE CASCADE;


--
-- Name: tasks fk_tasks_lists; Type: FK CONSTRAINT; Schema: public; Owner: postgres
--

ALTER TABLE ONLY public.tasks
    ADD CONSTRAINT fk_tasks_lists FOREIGN KEY (list_id) REFERENCES public.task_lists(list_id) ON UPDATE CASCADE ON DELETE CASCADE;


--
-- Name: projects fk_type; Type: FK CONSTRAINT; Schema: public; Owner: postgres
--

ALTER TABLE ONLY public.projects
    ADD CONSTRAINT fk_type FOREIGN KEY (type_id) REFERENCES public.project_types(type_id) ON UPDATE CASCADE ON DELETE CASCADE;


--
-- Name: responsible fk_worker; Type: FK CONSTRAINT; Schema: public; Owner: postgres
--

ALTER TABLE ONLY public.responsible
    ADD CONSTRAINT fk_worker FOREIGN KEY (responsible_id) REFERENCES public.workers(worker_id) ON UPDATE CASCADE ON DELETE CASCADE;


--
-- Name: tasks fk_workers; Type: FK CONSTRAINT; Schema: public; Owner: postgres
--

ALTER TABLE ONLY public.tasks
    ADD CONSTRAINT fk_workers FOREIGN KEY (responsible_worker_id) REFERENCES public.workers(worker_id) ON DELETE SET NULL;


--
-- PostgreSQL database dump complete
--

